{"cameraMode":{"drawMode":0,"name":"Shaded","section":"Shading Mode"},"sceneLighting":true,"audioPlay":false,"sceneViewState":{"showFog":false,"showMaterialUpdate":false,"showSkybox":false,"showFlares":false,"showImageEffects":false,"showParticleSystems":false},"in2DMode":false,"pivot":{"x":-0.13426780700683595,"y":1.2566442489624024,"z":3.0572876930236818},"rotation":{"x":-0.16549833118915559,"y":0.6862983107566834,"z":-0.16490402817726136,"w":-0.6887755393981934},"size":10.042860984802246,"orthographic":false}