{"cameraMode":{"drawMode":0,"name":"Shaded","section":"Shading Mode"},"sceneLighting":false,"audioPlay":false,"sceneViewState":{"showFog":false,"showMaterialUpdate":false,"showSkybox":false,"showFlares":false,"showImageEffects":false,"showParticleSystems":false},"in2DMode":false,"pivot":{"x":30.0,"y":12.399999618530274,"z":16.100000381469728},"rotation":{"x":-0.16549833118915559,"y":0.6862983107566834,"z":-0.16490401327610017,"w":-0.6887754797935486},"size":8.083316802978516,"orthographic":false}